0.6657167019,0.7334110137,0.559293516,0.5113141704
0.136291305,0.7404464102,0.5020956228,0.673253038
0.08783715133,0.3943506801,0.08709868437,0.8651574844
0.6406240207,0.7539117959,0.05609382487,0.5113013321
0.03885421672,0.1754861286,0.108432567,0.2308935574
0.9218749055,0.7787585569,0.6496885653,0.1086025348
0.2560520904,0.2790778992,0.2841011559,0.2256535486
0.3592308011,0.4612631594,0.3684326167,0.5396085489
0.4831970828,0.3409805151,0.6270238024,0.4979776247
0.8926980405,0.03706719989,0.9854442068,0.102275477
0.2666272415,0.2898048168,0.7814753962,0.9578771443
0.9593526071,0.2623338438,0.811831221,0.009915873835
0.5911324624,0.5643145337,0.7453100277,0.06131683089
0.6901238164,0.7582258393,0.3113945431,0.8309668962
0.8067506161,0.3015557867,0.3650069427,0.7591051703
0.1162585606,0.5772656044,0.005605182923,0.7958961773
0.8224347501,0.8097447613,0.8789860578,0.3366255481
0.806201194,0.3686387397,0.23545712,0.9127521227
0.3269591552,0.6938210057,0.00350057785,0.7595612505
0.8126287985,0.1166280088,0.6103667521,0.7755721693
0.04162207809,0.3423833057,0.4664749964,0.4550876177
0.5763058584,0.6819990411,0.4500779907,0.6116251257
0.8665912514,0.7501549618,0.8699868967,0.05436788589
0.106905034,0.7483098935,0.7809219896,0.4210385276
0.6095703177,0.4309981602,0.3768864387,0.3101651651
0.2677331507,0.7999156823,0.8782808359,0.5206334158
0.5914098117,0.2667561048,0.9996294607,0.695670184
0.8362924471,0.3001452365,0.4263471528,0.7457631531
0.3210408379,0.7839192916,0.4512114304,0.5530587091
0.5287999007,0.739123136,0.8960144479,0.4007642422
0.08749387111,0.5034815731,0.283703924,0.7617830545
0.7753174388,0.9515028252,0.1018600653,0.5195324401
0.3987239519,0.5726952298,0.7770047998,0.8592370357
0.4522698917,0.4135998563,0.2976997761,0.4201193613
0.8275668096,0.9671954291,0.08984076978,0.1954091855
0.3382287375,0.7938258393,0.8932346909,0.0566128829
0.8295953314,0.7077149872,0.09074994641,0.8167748185
0.9024254208,0.1048049326,0.536134722,0.5115484424
0.2542499518,0.03004438457,0.04579367189,0.3344199036
0.3871619199,0.4731159682,0.09689005768,0.6844595862
0.5608275023,0.4958311172,0.6522972588,0.4718073593
0.556865304,0.9643750239,0.03842300906,0.9467944307
0.6093001631,0.05420055052,0.4273156009,0.4463869693
0.0878702811,0.56661421,0.8474173656,0.208309491
0.4601943956,0.9320892921,0.04221240581,0.9072311739
0.3221175483,0.4110063869,0.07635109238,0.5113361651
0.9787106785,0.5198055169,0.1502955161,0.1219981468
0.04095801904,0.4914381691,0.09919216495,0.3012555917
0.4898519513,0.6559905391,0.5955655729,0.227850328
0.3964124218,0.5068794423,0.7526452507,0.8564974063
0.02062459501,0.6342959225,0.5831283205,0.08268508645
0.1089341607,0.2946941783,0.5298509494,0.7699057196
0.2425730866,0.03728251422,0.6046390853,0.9784877973
0.2734699517,0.5288668177,0.1537981426,0.7040229999
0.496330991,0.03898568334,0.2673614192,0.814236979
0.4580386374,0.632589202,0.0007946446737,0.07248744647
0.8459608545,0.947096435,0.9982248352,0.3311523513
0.4079130953,0.985897684,0.6156628476,0.5832072875
0.03418328073,0.5227254105,0.1629812537,0.4508692142
0.3386750129,0.6103265479,0.1835140883,0.2992685659
0.2528585918,0.5173165446,0.9366295411,0.3431711741
0.09592642572,0.2762347662,0.3497692759,0.6917909487
0.5221008997,0.1026549633,0.219273921,0.5031612746
0.03941653634,0.9250763093,0.840415622,0.06442041886
0.1051215031,0.5943896002,0.6492002779,0.2102688993
0.364037035,0.02705296411,0.3863262803,0.2892266465
0.1463843758,0.4385102062,0.9130137522,0.3484733929
0.2669355665,0.9310697883,0.03495742082,0.4039588853
0.6831093273,0.6533516649,0.8851284009,0.716894243
0.3044029335,0.9135910347,0.904130452,0.754546042
0.372895211,0.3096405736,0.8928044051,0.8838969611
0.9278390948,0.8288746106,0.2382901453,0.8261559171
0.9347047851,0.6536705077,0.5484851011,0.02066546547
0.3467518562,0.416281245,0.5381102318,0.07094348505
0.1012218243,0.8028392157,0.02171741348,0.3794889774
0.9182756739,0.1701654273,0.8982285032,0.118822546
0.2153584347,0.6905713024,0.4448876632,0.4986262063
0.4151208205,0.5416440849,0.1819920451,0.03532494476
0.8132730117,0.9342827339,0.9199429555,0.3634860883
0.06331215266,0.2648125971,0.5412629367,0.382121211
0.1646050532,0.3238346666,0.5798898516,0.6300739855
0.781805093,0.006368283934,0.136582707,0.9334530025
0.7848112812,0.6603231972,0.5749884994,0.3213889714
0.7904613347,0.8788691251,0.8894531828,0.02607430368
0.09469284036,0.1506255922,0.1181363129,0.7940432184
0.7014328429,0.7638791289,0.1934204132,0.7699521146
0.331757942,0.6195698544,0.7090310574,0.09725336487
0.4703743683,0.8200441888,0.7914289258,0.1486925685
0.3734112513,0.5297324529,0.937515116,0.4190957135
0.5848393812,0.03883090088,0.3890542563,0.3973205135
0.6226727577,0.4926439402,0.3713487362,0.148219297
0.6125947258,0.6215088796,0.9903550786,0.7936554452
0.545899263,0.3616655903,0.6939887801,0.1388912971
0.5554230929,0.2273419079,0.7169701456,0.04922875084
0.8046309879,0.5661845675,0.6583284056,0.2222550762
0.2654032685,0.5553883568,0.8816020375,0.07573296562
0.3591606296,0.482385228,0.4504786394,0.4790819301
0.7199224597,0.1194237745,0.04218861646,0.8507667089
0.06179106945,0.9441297673,0.5543657739,0.6042883918
0.03616665699,0.6340514848,0.4489943714,0.05764678009
0.4282083838,0.5379988693,0.2171234464,0.1293927292
0.3810620823,0.9049387822,0.8278183916,0.8519347015
0.754266425,0.8619914074,0.6340449768,0.8073418955
0.1222344276,0.09031777922,0.5108940461,0.5638255302
0.01420611334,0.1735884046,0.2004279128,0.03932384757
0.7212726876,0.3355529312,0.05335611328,0.01055643068
0.9694852858,0.7287884078,0.7693048689,0.4729859315
0.622312591,0.06695856568,0.2560069274,0.8245179024
0.2726683945,0.991397933,0.1652623455,0.4167271609
0.1946983283,0.2325339853,0.8812825596,0.3369245598
0.6590426236,0.8464978288,0.04486974104,0.289366614
0.1843746928,0.8913775403,0.8036845252,0.9579840187
0.3737288883,0.01193306197,0.07636991305,0.2055826634
0.9789618706,0.2538773772,0.2115108632,0.1048725518
0.03111864017,0.2383287986,0.8010423594,0.9352624053
0.7385536553,0.3631134232,0.1846253088,0.8189942637
0.0966791749,0.3060929767,0.1049834635,0.7726186213
0.3586674431,0.4641257185,0.2525025273,0.6325993036
0.02185877261,0.6548194979,0.09502720718,0.4150681748
0.6620911242,0.93981538,0.7052630877,0.6686217179
0.8574270053,0.05727731048,0.1613487329,0.3419913866
0.8393762344,0.7863796733,0.6333731862,0.6414556142
0.4786799439,0.6207028075,0.9002730253,0.6623004414
0.2283034795,0.5715998264,0.1327626151,0.4533230629
0.640218307,0.5594794696,0.3453967336,0.1830597203
0.1238003749,0.8583818717,0.3830685398,0.612034672
0.1542888653,0.3356813437,0.04789297394,0.9581632966
0.6026563934,0.2042045248,0.5174252802,0.2205597058
0.9739116637,0.5606985405,0.09550274958,0.6783594117
0.8212168689,0.1631872818,0.310698601,0.874291243
0.7322678213,0.3486982806,0.2550418811,0.5369094662
0.9664228143,0.6481143354,0.7554407712,0.3437194105
0.9182904383,0.9205729271,0.3592151681,0.1772045027
0.9066116016,0.5598170833,0.9353763636,0.3920475356
0.8834040426,0.1879853406,0.5821997594,0.7311767235
0.5720324227,0.5938404655,0.1873033634,0.7808561536
0.007342238874,0.7669579272,0.8100324318,0.9749111146
0.4978212646,0.5004255089,0.1344142725,0.3321258029
0.7865090695,0.5481146096,0.3146319051,0.1481745122
0.66410237,0.0427928679,0.6258440839,0.5497738549
0.2341308229,0.2082410897,0.9907520357,0.848460728
0.4769489328,0.2878919339,0.105490595,0.5444814322
0.6382946895,0.2104766373,0.5728648335,0.6615416464
0.2362731947,0.318693078,0.2127131567,0.9662374327
0.455831346,0.1865083312,0.2766099963,0.326489868
0.8465866001,0.7013834606,0.07140448261,0.02209217412
0.4239423489,0.6050519734,0.9228392726,0.4538908577
0.536355706,0.1262333829,0.4132796886,0.962602499
0.04769454243,0.2412452126,0.7203758624,0.2748133204
0.4818859366,0.1973159475,0.3952975202,0.2579927258
0.6233235208,0.8090389214,0.8784704088,0.9515012504
0.08092788014,0.8316947903,0.2772983358,0.9809126699
0.2411510887,0.7940769771,0.1667622134,0.4382586418
0.1162765012,0.6792742905,0.4197262706,0.1717264479
0.5873983962,0.8218457264,0.4676666668,0.2553154671
0.6954033155,0.2544953127,0.8163259221,0.5175213224
0.3439627526,0.06212206033,0.5049539635,0.2954098695
0.9816381328,0.5228354125,0.3947289267,0.9386183446
0.03514089608,0.1561504322,0.9674281148,0.5913429113
0.7567260267,0.7791468538,0.9787531585,0.3855528515
0.9592719417,0.8608540555,0.5657576264,0.954928368
0.5129922483,0.1398707791,0.3180365828,0.6226571883
0.4934081814,0.1411770217,0.5044665391,0.3787666842
0.3832288351,0.5238575955,0.2394499416,0.1570253629
0.395596957,0.3669368744,0.9638160373,0.8504397534
0.9232846481,0.8717871518,0.3748377313,0.987406608
0.5304933844,0.8470320257,0.4648586864,0.7454960932
0.7898253826,0.6350242363,0.2634052996,0.04821567866
0.6912652877,0.377318578,0.1355294308,0.6755454075
0.2555899382,0.4122979301,0.9350119366,0.2392481437
0.3186700006,0.2078908492,0.5595653183,0.708603127
0.4065890535,0.5161160043,0.451375853,0.719854472
0.06447269017,0.7229397932,0.929769164,0.3413378345
0.7280760775,0.2776999468,0.7425071017,0.7433923141
0.4018574207,0.7470182067,0.9522184026,0.7810252239
0.6449042251,0.9449608456,0.4304395835,0.07799747651
0.1441011108,0.2737325658,0.3711652704,0.7358694096
0.8013244952,0.06626318538,0.01454207974,0.9454758812
0.5416070364,0.2880530324,0.07139964322,0.4661134357
0.3877587757,0.5852013511,0.7134844848,0.181926795
0.03662385925,0.4061559255,0.6346951345,0.7183441566
0.4181100645,0.3782242458,0.6575740939,0.8301972182
0.1679284867,0.1746826115,0.6017031886,0.958048995
0.3793790563,0.3556960831,0.8190442578,0.792193457
0.1408717557,0.8953350714,0.8454949832,0.09037270129
0.2925021035,0.3040062644,0.7024789557,0.253323549
0.2710463713,0.8147770443,0.6761963096,0.3788478001
0.694291687,0.4858998943,0.1165263906,0.9249210582
0.6351290285,0.9409408795,0.0492617147,0.2524508687
0.9581559011,0.330672108,0.3631489517,0.3945373788
0.5359978009,0.8152492077,0.4774619102,0.0516169388
0.3770290846,0.8557642224,0.541760679,0.01774740468
0.7299734992,0.4392671348,0.5863080486,0.8758925049
0.5249222028,0.3652491623,0.8307218228,0.3959719639
0.1440510827,0.5803522508,0.295226732,0.6349226434
0.1610786978,0.395456806,0.113928701,0.9582891185
0.1054707244,0.6735330289,0.146278777,0.1987676039
0.7384091902,0.3284478563,0.0299116363,0.974918301
0.9432474023,0.008820269485,0.5856500358,0.4245750634
0.8993086135,0.9032074555,0.8773180903,0.2777723937
0.4327766132,0.3102588867,0.9807314972,0.4889672156
0.9888902676,0.4334281268,0.08442032165,0.4290693267
0.6249359646,0.8442046308,0.7306674097,0.766829708
0.9679848334,0.6288444364,0.4899778943,0.2704799263
0.5178992918,0.9616332954,0.1072308373,0.808336487
0.3739579558,0.8316514564,0.1651665444,0.9887995241
0.1339948179,0.3079526117,0.005354693444,0.3209512733
0.4426287772,0.3660944352,0.1862343403,0.6639232528
0.3993155094,0.6021101586,0.8512996534,0.4588881074
0.7835825513,0.781488482,0.7280762723,0.9133608874
0.7874990938,0.8762211408,0.7270976361,0.8592807946
0.2863459611,0.598476046,0.2511589785,0.7351560352
0.6813322821,0.8120443956,0.741517027,0.395428229
0.2467415464,0.8751352401,0.8874369317,0.07650957758
0.4799188906,0.4491130881,0.6824227694,0.3993921243
0.1398897251,0.4516249718,0.4624640221,0.4454026937
0.4915303675,0.161995789,0.5982472229,0.4484975266
0.4555442595,0.1455237408,0.8163258083,0.04195949974
0.9124996441,0.7049693464,0.7056656813,0.7256193923
0.5576068155,0.8191470187,0.17893279,0.248184324
0.7133207323,0.04840000831,0.6379298807,0.4173503408
0.4657832198,0.06729562129,0.6173798288,0.7901927196
0.000297590733,0.132544948,0.7182229639,0.7761821694
0.6945444625,0.04960252661,0.8843752457,0.7153815573
0.5635909798,0.9446268918,0.5525565695,0.964764977
0.06210219277,0.564540179,0.06518278729,0.3255388262
0.4824136372,0.09034304952,0.6279545598,0.9473304723
0.5173810543,0.008983965354,0.03223259342,0.02118161072
0.1606137108,0.3410159083,0.8179041115,0.7737988286
0.1714782228,0.1428809836,0.9858033308,0.3660686285
0.2892894134,0.2550757243,0.2353732475,0.09737701991
0.5854758129,0.1660557172,0.9783362486,0.6256152958
0.4588345342,0.6132993255,0.9342908179,0.6111721815
0.01047321239,0.1746282453,0.809524927,0.1987299308
0.4054987863,0.9901656755,0.6965789331,0.9211796179
0.3282152752,0.5871837237,0.6379609959,0.2073967704
0.8148520793,0.6808936794,0.9100666271,0.7827845734
0.3597180092,0.1830967254,0.00956701035,0.5682863657
0.8072895625,0.4903987736,0.1524648376,0.4095814304
0.5309675557,0.3727897114,0.2581931088,0.01003715164
0.4928484206,0.5948606376,0.06074369307,0.9639386333
0.4733498139,0.695821795,0.7226039722,0.1610028353
0.5511996064,0.0402822455,0.8495440443,0.3085128737
0.4343377203,0.1193228502,0.3577687998,0.2857106566
0.617923048,0.129908568,0.1156192057,0.540165705
0.651632252,0.8662891834,0.8361469865,0.8426538311
0.2433919205,0.3613586717,0.4498140244,0.84890357
0.4500510017,0.4486494622,0.4539198467,0.4481099057
0.4422292216,0.04562659707,0.6989376389,0.4041186548
0.4317438423,0.5999266909,0.2233608722,0.3153141719
0.9289242546,0.8176714664,0.2553982403,0.5312484201
0.001672977493,0.5110193944,0.6693966944,0.8785347892
0.3015065686,0.9292127529,0.4840847335,0.6198171662
0.6847298973,0.3624890866,0.607646644,0.2685238736
0.9059882517,0.19877264,0.7582731535,0.4176170481
0.4095084256,0.6382751752,0.6927221448,0.06871697659
0.308549338,0.4352789531,0.7070011622,0.4876012036
0.645869924,0.1975998139,0.7473274757,0.417802201
0.09222401141,0.9061091012,0.2662101664,0.2090914337
0.05640438276,0.0007278996664,0.8508612255,0.9293902941
0.6553448694,0.2978850786,0.2689486244,0.3214687251
0.05122013475,0.7350965664,0.2450345419,0.04711853904
0.3485360316,0.6313187924,0.3531317738,0.3680613874
0.2948143727,0.2041320889,0.2458759319,0.6453744662
0.3770622402,0.7057751238,0.3589570552,0.6850439101
0.1048496272,0.1329599738,0.3068959084,0.8018104689
0.6004069646,0.03391379937,0.5354018084,0.6825033508
0.6853647255,0.25244885,0.005766308045,0.4159482598
0.5687663617,0.5038587153,0.3827264508,0.9232426982
0.9592950277,0.9629880699,0.2033905907,0.5145724459
0.6875257475,0.501022283,0.8851396372,0.9633128497
0.1932962352,0.1975951443,0.7045819958,0.7835451371
0.339677891,0.2123014303,0.9974523041,0.5737723435
0.7560177396,0.02401147116,0.01673683409,0.7895212042
0.6196170227,0.8033067087,0.2574690251,0.01595675403
0.9115369228,0.09913413772,0.9180213857,0.02431278019
0.2399952431,0.03915779798,0.2209891003,0.6459226493
0.04315467423,0.9463272095,0.4989417887,0.9179766451
0.3196793235,0.3488712261,0.430682195,0.6341562382
0.7277953922,0.6248702607,0.6981181304,0.2508357874
0.5017393097,0.9033011249,0.9089612531,0.8136759653
0.5646116675,0.2371623303,0.5101479235,0.4544800609
0.9954094082,0.7809161436,0.7366200993,0.1260071365
0.1079458382,0.7375693627,0.4742477027,0.460327885
0.1977779922,0.9814745772,0.3748767027,0.2859843199
0.9975563952,0.10936035,0.5586686043,0.4427042892
0.995410716,0.8650929536,0.6931403879,0.8018894106
0.8291099592,0.4335332174,0.5175696765,0.7508590932
0.3421317553,0.4466083132,0.5659931065,0.4891316719
0.204625621,0.03411761998,0.4221137217,0.8482929587
0.3788542001,0.9689585052,0.7413644786,0.9287128444
0.06322242777,0.4255145761,0.6421536367,0.32368962
0.02985790733,0.8741178717,0.001632516057,0.7244198257
0.9626690348,0.4634782286,0.6932637216,0.2292992214
0.4555799234,0.9486223545,0.4374658593,0.886491464
0.68550067,0.9954674339,0.2584201789,0.6915413452
0.9462555515,0.2587189973,0.630835109,0.6489867957
0.9316104174,0.5794298438,0.3648582607,0.0547767537
0.2381986189,0.9266266765,0.3520820621,0.6509343862
0.06212151441,0.981884508,0.2431606991,0.7206447253
0.9628292182,0.7063647052,0.8726882627,0.7683869322
0.8350136855,0.2438251915,0.24422375,0.3682088778
0.0885717018,0.2702932121,0.4900024281,0.269686062
0.8575408418,0.01198198406,0.3452828903,0.7486571722
0.08139417187,0.6442307498,0.3653626268,0.1266321143
0.4382004272,0.546987032,0.07167143932,0.684844602
0.838120019,0.06121730272,0.2586050198,0.7000444764
0.5942744557,0.6407495595,0.007561203028,0.04105676283
0.6879016798,0.8262456447,0.3688317078,0.03271388604
0.9302720943,0.4827367696,0.7058557864,0.1106425733
0.3147303569,0.4842841273,0.8855856878,0.2324308009
0.7965919683,0.01689100942,0.5520548842,0.2753725532
0.934008229,0.5024819399,0.3414473295,0.9721965528
0.7431488443,0.3137203476,0.6347907898,0.6754076243
0.5186002455,0.8585279212,0.7148428193,0.7365797415
0.5544577608,0.05993905126,0.6504887966,0.5756212978
0.07710712325,0.8677958156,0.9419882619,0.8182916979
0.6737440975,0.1332872877,0.3729794691,0.7838366201
0.6551815091,0.4823498171,0.9939515907,0.1363643738
0.2551859578,0.9033357862,0.8807745883,0.8585774089
0.7784873953,0.3084220444,0.5964948507,0.07889480521
0.4146523638,0.9788119179,0.01311951272,0.5055737245
0.8554527752,0.07205556509,0.6074820969,0.8443659094
0.04765940497,0.5350274355,0.9569835246,0.8990112923
0.6844791641,0.0248022698,0.8131475433,0.1943848811
0.2442350075,0.6062284453,0.3151063893,0.1490074148
0.6920726125,0.3353696372,0.7074853397,0.3687422893
0.3275953918,0.1501307661,0.9124642842,0.5727890247
0.09689074265,0.32474406,0.6286429566,0.8355588532
0.6787468915,0.69668455,0.2355622434,0.1934251783
0.5345340967,0.1405276653,0.3457924588,0.9426470461
0.1622233398,0.7194853733,0.1144321011,0.1947337402
0.1767373266,0.253079288,0.9259659727,0.741891715
0.3471546488,0.8336004979,0.7278775653,0.1902736954
0.3772628925,0.816743915,0.0223418121,0.820392732
0.1088730341,0.6734147951,0.4932387203,0.7324074535
0.9192073125,0.2523103212,0.8761517716,0.8873850481
0.2135550013,0.06205451005,0.9757597217,0.6866560176
0.02167038458,0.3532968661,0.5295694824,0.8347507877
0.3243542363,0.4017764077,0.7806650058,0.9474792461
0.08800668796,0.2333026839,0.4255773705,0.6645856864
0.5426090024,0.2222967459,0.9625406455,0.5728293835
0.3964945056,0.6521699381,0.5949689942,0.916223596
0.2106418422,0.479388613,0.8689610493,0.1931042771
0.4036678733,0.7759033868,0.5755170228,0.3369275315
0.6801670109,0.5353283009,0.4240037322,0.5103505491
0.3603306452,0.5331309301,0.6022461615,0.5378200924
0.09726310283,0.1401808127,0.6259916287,0.6787452128
0.5431045765,0.1764345979,0.1821417451,0.2253689914
0.8042656141,0.1108631736,0.7842477315,0.2586480984
0.5460756396,0.890328443,0.1060653452,0.4678121388
0.6219166279,0.543920352,0.6317273479,0.5031258821
0.9266392525,0.712332278,0.142837697,0.9673696551
0.2909364146,0.1466251935,0.6321132842,0.7851842055
0.6790778457,0.2559286696,0.9462040569,0.7881434257
0.5382353591,0.8061276836,0.3374546374,0.651514586
0.84392539,0.8037696909,0.1286646056,0.7145695045
0.234774462,0.592813911,0.6599554334,0.01800072206
0.3291072736,0.03901205268,0.5140024737,0.8676083973
0.6532388188,0.5947994896,0.09146111657,0.4552925909
0.2016323101,0.7179265457,0.472969451,0.320104464
0.9659711332,0.9667063044,0.757053645,0.979328075
0.2408290172,0.8768935936,0.127315464,0.8666142374
0.476902537,0.3368165457,0.3235847395,0.7197706335
0.06345463025,0.08363421665,0.432617234,0.407312612
0.1135250739,0.8197444271,0.1267080887,0.825067124
0.2282846222,0.8612268322,0.5297445572,0.3942834639
0.9524054175,0.7224215333,0.9358988012,0.8404747238
0.19695513,0.7624482908,0.8009947596,0.7086554052
0.8786018655,0.08309169856,0.8790792483,0.007338209711
0.1159556854,0.8826962607,0.245747717,0.13885107
0.3279987809,0.2479098646,0.6079372887,0.7486296707
0.04194383568,0.5567693689,0.7708896174,0.2169987273
0.7025212996,0.1475229248,0.5410855833,0.3759233581
0.3623043815,0.9757982961,0.8952954048,0.6487542779
0.8300733634,0.9946835995,0.2922477121,0.4533271472
0.8715423368,0.8264543256,0.02054129795,0.5009687966
0.4406087381,0.06964685408,0.3201816675,0.5393110975
0.8112560609,0.3391567059,0.6000609627,0.9545095819
0.301883533,0.7070775044,0.6496918576,0.2808725907
0.4297772055,0.3324295705,0.227607032,0.001918311479
0.4861550875,0.7388419304,0.7605970567,0.2171858056
0.4829094022,0.6570129703,0.2977047516,0.3904157248
0.3835208037,0.5018730251,0.5537974348,0.6510631675
0.9984919002,0.5291388325,0.60347976,0.2521088805
0.02798744234,0.1879194691,0.6386242467,0.6335865381
0.4368297544,0.4539780586,0.1216306526,0.8003177283
0.1261115106,0.2191745717,0.07959599171,0.3756566552
0.6715615286,0.08722776175,0.5843417963,0.7320350733
0.7706604545,0.4854108219,0.5578014467,0.2235929721
0.5196016333,0.4778268952,0.0006647936258,0.2931116173
0.1568462324,0.5073297918,0.5847663675,0.01604940939
0.5958408777,0.6436886825,0.5155321536,0.5193872586
0.9980362722,0.808508059,0.7253441116,0.05627898825
0.2428868563,0.5240626375,0.2864260172,0.8513652568
0.6413314265,0.2238337112,0.5895345004,0.795188605
0.07597035203,0.6487582746,0.02225122059,0.9729691049
0.8190287229,0.3630707304,0.8179365789,0.4128068979
0.1290548799,0.6911723434,0.525728352,0.3903757002
0.3258868328,0.6296640883,0.1666641451,0.9230026038
0.7341110036,0.7071819446,0.7723221997,0.4419573919
0.7985450936,0.7907435549,0.6780034447,0.9009189665
0.6085222306,0.7869420354,0.4611757186,0.3151790203
0.8847943292,0.1562533437,0.4640055074,0.9651404819
0.3658739215,0.996028776,0.5056730086,0.3942108164
0.9471667266,0.5831132225,0.8208376304,0.3357146429
0.9562584929,0.4938937145,0.9651798179,0.2294738579
0.6461374671,0.2323103511,0.7994514891,0.06156976812
0.7401556868,0.1820610385,0.5303987644,0.4169058651
0.2198677718,0.8089651064,0.3784705281,0.3714854267
0.8144863173,0.9458520094,0.8909519553,0.2131149599
0.5247533352,0.7719627866,0.4917844438,0.3845894785
0.3532859692,0.7587327236,0.3667095357,0.2585972353
0.2570785926,0.1530834899,0.1579264564,0.5305119182
0.5644232601,0.5678444237,0.758590288,0.00377885433
0.6519512375,0.4461989659,0.2207786956,0.2150729057
0.06683940618,0.8762121423,0.8577636452,0.453871373
0.09065894601,0.8636714553,0.949512687,0.842110489
0.1819839263,0.3879835922,0.7852042353,0.4935984163
0.7590355462,0.7863457697,0.2460572727,0.4112628293
0.633658591,0.5473932587,0.8603321159,0.1000815146
0.9328529401,0.7103501323,0.08505300558,0.7788494511
0.240680697,0.5426753224,0.0150878407,0.1830089683
0.8453030861,0.5013268602,0.2565839215,0.8461994749
0.3480809117,0.5786815561,0.5784350807,0.04022285509
0.9680567586,0.4658289119,0.5164814492,0.5567379664
0.409531998,0.3654420985,0.2092742932,0.6217437341
0.04106763502,0.1297035907,0.9713042427,0.5978691571
0.4440566396,0.6964098972,0.7095364817,0.04682744614
0.275236484,0.7417218494,0.3619699606,0.1523235676
0.1346072238,0.2748465046,0.7133746391,0.4108614309
0.8623977528,0.2930083976,0.8663327578,0.2904199121
0.408791584,0.1180605356,0.8355781928,0.5988278768
0.6230926752,0.232617458,0.9497720016,0.5820164573
0.1899077742,0.6584443908,0.7384229284,0.03988457222
0.2466362717,0.3686388357,0.5652154053,0.005297517145
0.0797426281,0.2520394878,0.9100808951,0.4966597242
0.9005751325,0.552393017,0.879221987,0.08759251069
0.4366040619,0.08739335802,0.3615216547,0.6895722886
0.8564030125,0.3585874867,0.496179899,0.6079136164
0.2492398005,0.3005700198,0.2677333946,0.8704427348
0.3721093845,0.8828959549,0.5138375658,0.8767088373
0.4392184237,0.4902865614,0.08140048559,0.143546085
0.1446647768,0.09454140898,0.3939189622,0.1684654427
0.5137036832,0.2873422839,0.3143378954,0.1019014232
0.7799043469,0.5974990812,0.6232307497,0.9783992108
0.5531644919,0.364978423,0.9485725706,0.1209337688
0.5845898494,0.6903925302,0.1033346427,0.3947841786
0.2733730139,0.4348760721,0.9426743548,0.8027552736
0.5549684722,0.8706680185,0.5985403177,0.5908989582
0.7201236618,0.713612703,0.1305920893,0.667390172
0.285286869,0.3299576391,0.9288041188,0.6405969885
0.1136514164,0.8761247549,0.7637912025,0.2706301254
0.04396922231,0.0395630079,0.7803569978,0.0227822275
0.486059568,0.1487599993,0.2699880382,0.723300378
0.9381604205,0.06071529731,0.4649111712,0.1043456892
0.2806286343,0.4006677531,0.4434266476,0.7781117797
0.7108287757,0.1448293825,0.9586199437,0.9582769466
0.6912423118,0.5375161857,0.1457686023,0.6256652661
0.6684993465,0.2536241095,0.4432191283,0.2917123959
0.6010264526,0.3079102142,0.7897087118,0.6413834861
0.7299564797,0.6451141019,0.030720989,0.3137558404
0.872473461,0.6256089385,0.9589614368,0.09411502521
0.9030454734,0.7845948919,0.6345449546,0.679260975
0.990764714,0.4680282037,0.7509780753,0.2619593494
0.25227684,0.7734785295,0.137061242,0.3947845144
0.6647743696,0.31500485,0.02847508244,0.2016916573
0.8066744454,0.7949471829,0.2573263155,0.7871102488
0.6465384178,0.3759683459,0.1515232406,0.2383459463
0.8957187616,0.3837604998,0.3325623078,0.4117407173
0.3931197864,0.6562048667,0.8056375262,0.9374864223
0.1899520793,0.09618811529,0.6600565159,0.545313127
0.1212421159,0.3246307555,0.818212351,0.2040346129
0.6885906852,0.4210713426,0.9981416897,0.6669011903
0.6043693929,0.1603610501,0.8940874902,0.2309137986
0.0442133316,0.8987096351,0.2693949502,0.9216236789
0.746772894,0.8204353857,0.7324518523,0.2640475678
0.7772730283,0.3429965091,0.7479207446,0.8870261595
0.5053701857,0.7365430298,0.1962651925,0.7263489873
0.02194318844,0.5645077467,0.9254437427,0.2675916121
0.286689095,0.01779068982,0.9795970633,0.7743305754
0.6989180007,0.9167013554,0.5459405267,0.2428530538
0.145272963,0.4159280091,0.3985691187,0.1720506139
0.2476219707,0.510785554,0.7618134249,0.7354317925
0.2763965093,0.2585555685,0.5618852763,0.7366063954
0.915354078,0.8220259858,0.1104189541,0.5705455399
0.7084263156,0.03738301291,0.7543154638,0.0187365696
0.8178301609,0.224309346,0.7304842767,0.4198742183
0.239979716,0.7684043213,0.5911573183,0.2658721821
0.606150418,0.4017866609,0.4540906567,0.1900250089
0.4687821368,0.2378538752,0.5269580997,0.7108753525
0.2292906907,0.585644839,0.7201018515,0.587207306
0.8604913791,0.1840756491,0.9840786129,0.4285454156
0.4268045647,0.7178831406,0.585928612,0.5012458651
0.7975665828,0.4161706386,0.5155961199,0.1977011415
0.7596595329,0.3479086915,0.9712287097,0.4679859088
0.2244571753,0.8638066612,0.5452663007,0.2463326146
0.05227438552,0.7954449584,0.9825542675,0.2318579777
0.1130411977,0.8203241716,0.8006170482,0.3911560303
0.5182583596,0.6664283431,0.1532065251,0.610382105
0.461550283,0.8678232823,0.2426744484,0.8142156321
0.8465825749,0.5671319859,0.4269010498,0.8083327576
0.8144987692,0.5459642285,0.2193942006,0.654407796
0.4825752235,0.03371022645,0.03466639384,0.717916201
0.4568335349,0.08657856639,0.5547839355,0.2905208126
0.9259808882,0.5658376131,0.2072036732,0.8275121332
0.05220906278,0.02781469421,0.1102761031,0.9172877135
0.3412430698,0.8383754179,0.1533571534,0.228311542
0.8256636975,0.2415010004,0.0005900097202,0.9828561233
0.2161681713,0.8564255689,0.4711436318,0.01667236319
0.6508499377,0.5558965693,0.5476775511,0.6839371741
0.3753376153,0.03722849997,0.2708447675,0.6294758996
0.01029685305,0.386335043,0.3510749265,0.875772103
0.8433142891,0.04576443852,0.7379887488,0.3875776175
0.6260293939,0.454895333,0.6319007756,0.02314806387
0.9272198086,0.1063842414,0.6837686495,0.6541190485
0.1824298518,0.09672647632,0.5647989072,0.7243227892
0.3441502291,0.4652064205,0.1858232939,0.5136310699
0.5118247277,0.8277036574,0.3943867004,0.6133268035
0.2297804058,0.5203832815,0.6557235175,0.04627471794
0.6173572112,0.7515255401,0.1904375421,0.2722726893
0.7321421106,0.7807900546,0.3514717527,0.9891136943
0.1518350009,0.1831166843,0.5324156923,0.05170715597
0.498826971,0.4974872178,0.3324680667,0.5510021046
0.3431194259,0.1813508796,0.8355396414,0.2445166762
0.4147745161,0.3538291767,0.3074783514,0.1656345354
0.6970635113,0.8428517177,0.496848249,0.9313824325
0.2274869553,0.6448501037,0.5080448902,0.1428009367
0.161962587,0.4882780306,0.3134742213,0.5103496691
0.3212269786,0.6481832849,0.2135113619,0.2032979537
0.3010173841,0.7545101173,0.4223155766,0.6399230078
0.563882634,0.4390218647,0.5205284806,0.2787808385
0.5916256492,0.02508616917,0.2494811762,0.21754331
0.3702345588,0.8603871235,0.3788197354,0.3227272889
0.4057312279,0.2247935355,0.01134126282,0.4397903892
0.5019669011,0.1852469504,0.3735013915,0.1393844037
0.8804161971,0.3633173799,0.2519352001,0.756757474
0.5846817056,0.734950781,0.6178766777,0.8989664494
0.5719928769,0.1312332578,0.7621946685,0.153453991
0.3702919333,0.2132787716,0.9029908957,0.4024706633
0.0127314713,0.5764727049,0.2363776562,0.1316341421
0.7424863884,0.2195232428,0.7331032633,0.6994138779
0.5228686752,0.3708854548,0.8648476045,0.6950629204
0.7646146368,0.5879389554,0.4394820746,0.08582392668
0.540626209,0.3179900435,0.1275669092,0.681992227
0.4425889824,0.2132462423,0.4165727523,0.1353264108
0.4416968098,0.6608913815,0.680225873,0.7657193922
0.6376269767,0.5394080202,0.9507551554,0.3886600073
0.1522247189,0.9832185809,0.9587428026,0.135861577
0.8603685501,0.1665076656,0.7268537536,0.8700631733
0.5940371859,0.3184962821,0.9650176158,0.2608467862
0.7327307323,0.1512416438,0.09367860352,0.2644607432
0.119219259,0.7104257384,0.3374955449,0.6506652029
0.2685668992,0.7014361708,0.5676588319,0.5071223561
0.02763649313,0.317066494,0.9076208155,0.3258393565
0.928660106,0.583364971,0.9517215806,0.6654744937
0.1533928426,0.09794162341,0.3540759234,0.8446786792
0.6078083751,0.7398623413,0.2717224934,0.3671568412
0.4452879377,0.7398393094,0.6003824034,0.5401273439
0.3478876172,0.2528046773,0.4898326577,0.01347878391
0.7460490998,0.292867702,0.2706778424,0.816966493
0.005061505668,0.8491037473,0.476340339,0.5555371678
0.3425347158,0.7345852826,0.7891021615,0.4099854649
0.2741321867,0.9466769795,0.9194642785,0.4719087956
0.7644280881,0.5413455529,0.7491701399,0.8073147196
0.158896099,0.6458143463,0.9662593225,0.6206633049
0.1554873423,0.2100587752,0.6128440746,0.2068585206
0.02292068638,0.7999568369,0.2339054254,0.02121331572
0.9356312562,0.3812025652,0.9499499489,0.4572504384
0.937147594,0.1342719246,0.05511630337,0.1081093522
0.4735947439,0.8090567551,0.5754194007,0.2006732418
0.9140370438,0.4348121187,0.1477173625,0.1723074281
0.8612747604,0.4048615286,0.566034623,0.5990581164
0.3656077585,0.7978590779,0.3783805088,0.2268184518
0.3380295272,0.1431019267,0.1744747216,0.5065505437
0.4058262897,0.3287937646,0.5539508916,0.3922492272
0.3750355271,0.923721267,0.7442056014,0.1217737466
0.4256192039,0.1111271216,0.6787629435,0.6609474694
0.2684182101,0.8802115192,0.4549392826,0.08852783702
0.2687030896,0.6559311932,0.3989554791,0.9617756788
0.3804494827,0.9247861503,0.8889616278,0.7414576843
0.7239584572,0.8947145127,0.2793135655,0.2845943394
0.9389673509,0.03990797953,0.2506561914,0.9453463598
0.398847536,0.4277896079,0.5669739907,0.03609004139
0.7877670103,0.4261420578,0.5452350502,0.4376177157
0.1501507582,0.5965243108,0.4599351758,0.1665234102
0.3596070202,0.7685734349,0.03134218392,0.1410538892
0.5029537749,0.7508042647,0.9653497867,0.1383020359
0.8063659345,0.7099473675,0.9122699493,0.908473649
0.09436679308,0.1499479168,0.879800492,0.7881371502
0.008593091208,0.943445264,0.0815910031,0.1371180502
0.4210294692,0.4117137675,0.5060547248,0.1791788522
0.6431672723,0.9399271333,0.05375574549,0.6448258591
0.6633102775,0.5335555586,0.521166805,0.8403253201
0.6100805852,0.1849948719,0.2044558281,0.8329414327
0.2966276945,0.8046731008,0.09038077346,0.3673732182
0.6076952135,0.3549295563,0.5382559363,0.1256096182
0.6020121925,0.536556105,0.36934049,0.3134555369
0.1535000755,0.2451276835,0.2642164411,0.8281145833
0.1525246136,0.4216342424,0.02101977178,0.05105287304
0.7308667205,0.5709238174,0.06916635598,0.1977880809
0.3062060641,0.520462403,0.1890511205,0.8496518113
0.3111397959,0.282587264,0.6612573001,0.6824382655
0.6847400304,0.741840565,0.4893889332,0.6148631451
0.2672930916,0.5208886851,0.6448830699,0.9190567481
0.3929660704,0.1597804639,0.3092535119,0.4876408819
0.6261565942,0.2371419597,0.2665525351,0.3686919819
0.2489303787,0.3767884981,0.915942768,0.04541224965
0.8698195231,0.215361755,0.9275549942,0.01390261174
0.7865476568,0.2431739861,0.2863827058,0.9978284012
0.7153085498,0.3705777985,0.434074874,0.6883207381
0.08056612582,0.7537683387,0.9573446794,0.6739771359
0.8002254061,0.8159893137,0.7927418156,0.6218814251
0.1718781681,0.6214384105,0.6803459084,0.978900385
0.2590231796,0.05521658976,0.456515339,0.1516574185
0.7639393596,0.4541032831,0.9367541843,0.9068847744
0.2714523362,0.4802373531,0.4824932111,0.2015471164
0.9699028283,0.2997517494,0.9480421616,0.7671276793
0.7359846414,0.05962356832,0.2330207393,0.7119938654
0.8449288666,0.5614641625,0.3021188806,0.4620324447
0.9044228636,0.0574943102,0.390810466,0.2942874695
0.6969993068,0.4890517653,0.6359592715,0.9956844923
0.7002446148,0.9063640874,0.9772270301,0.7867581561
0.2685839843,0.02114470179,0.4722426741,0.7442676523
0.3264579366,0.9951166402,0.2731468505,0.3493901616
0.6849315062,0.1550222758,0.6364044983,0.3336742816
0.8959307584,0.3581145966,0.5096859558,0.1992520719
0.0149707739,0.06294004199,0.09153503247,0.5128565946
0.1384964162,0.7475386201,0.5905488098,0.9649845908
0.6583218581,0.2330541482,0.2611838813,0.533189724
0.6579479843,0.7261275878,0.05085357872,0.03084688913
0.9053565071,0.1982796161,0.2817284917,0.9210276507
0.8347653114,0.5723878062,0.7742349598,0.7090740583
0.5933780545,0.2136791975,0.2820528467,0.417615854
0.856637255,0.4889968469,0.4591288946,0.8862318541
0.0556923596,0.1665221796,0.9524844723,0.3405844875
0.7712447324,0.8446184563,0.4278552902,0.150693797
0.6146191748,0.2453580187,0.8890179946,0.8555183162
0.1101777521,0.6598630539,0.5430016355,0.7432544966
0.8654857779,0.4758298128,0.6126906581,0.1238406274
0.948217042,0.9229947921,0.8723683332,0.8533008277
0.4256030589,0.2501357903,0.7255786669,0.08184173293
0.1105875846,0.4466465167,0.417188265,0.3840874674
0.7475376993,0.8607945756,0.4103856437,0.600635837
0.1973844988,0.1628270286,0.9824194239,0.8608213592
0.9151650243,0.8025627918,0.7742540789,0.9517758313
0.6874995287,0.01258836636,0.8697056921,0.3859016798
0.02765213547,0.06200000138,0.3216290315,0.159951954
0.3454856589,0.8846829176,0.9632983838,0.6413520882
0.1324358957,0.6834090472,0.886249471,0.842529785
0.6684579367,0.5633267643,0.360152349,0.7869212582
0.5733087071,0.8219569061,0.5072692121,0.2236538783
0.06403545461,0.980868024,0.5740002691,0.5443324598
0.7819146471,0.0870855225,0.175873503,0.954387982
0.6853033565,0.561930704,0.5790369467,0.8376805511
0.746421372,0.8873610844,0.861442312,0.2841390606
0.4087598736,0.3697881898,0.314608167,0.5740742031
0.7541294873,0.4353170537,0.333325515,0.7048034867
0.823282148,0.6047583532,0.4638151185,0.6974993975
0.2176893295,0.1093783434,0.6867696139,0.948186924
0.5024907676,0.692878323,0.2651625417,0.6858559242
0.9779283864,0.6294949853,0.1487305755,0.7579179777
0.4128379885,0.3787031335,0.189364774,0.5426374867
0.02867927112,0.4416697752,0.2486035913,0.1060571508
0.4217321627,0.4896011715,0.5883763783,0.870360164
0.0571982045,0.3602703146,0.1858067219,0.9867799148
0.3236131991,0.1643351932,0.9289510589,0.3152846293
0.04266056631,0.7501283814,0.6843046395,0.9278936987
0.1098045279,0.5830909908,0.1900015194,0.008050858568
0.7378192944,0.7853307995,0.5953076252,0.3266655882
0.8360074894,0.5496419406,0.116302506,0.2614885136
0.5863478401,0.8688058779,0.3734144998,0.3787495119
0.05841883959,0.5623367606,0.6683459166,0.8471592593
0.2399203564,0.4849387448,0.5163910748,0.04529015613
0.5377125853,0.3755161644,0.5302396487,0.4813171558
0.6520883506,0.2632659671,0.4107243997,0.3390539229
0.5747273184,0.05636975302,0.4783879086,0.4872671075
0.8860058474,0.109688464,0.3783218898,0.4293291659
0.7209611338,0.4468358094,0.7703684604,0.9459984897
0.5036645663,0.9956086833,0.2666190628,0.2191036863
0.6823438458,0.9617413462,0.1861279038,0.4350457569
0.2572865181,0.5460753823,0.6854254668,0.2665532757
0.4407987007,0.2119245691,0.5956706421,0.8244748165
0.9087644863,0.4246681265,0.06771062722,0.1641652813
0.09252106304,0.9066463897,0.7952639684,0.639530213
0.3185510959,0.7428520039,0.5449659,0.7890119914
0.7355081332,0.4383782096,0.1573934546,0.5057552073
0.5073058999,0.2203932228,0.1856588761,0.561034625
0.2256177604,0.01336830168,0.3909727135,0.9113780305
0.5661749353,0.5647779773,0.2806307753,0.935085286
0.507385619,0.8946862179,0.3734618256,0.4036441257
0.01718289117,0.8231795882,0.9832078205,0.5774081047
0.9631847325,0.4552922948,0.7645221947,0.7838822748
0.2743696531,0.1702550104,0.9635622496,0.8868540444
0.2153882778,0.1847741642,0.5637062849,0.4868699975
0.07763624186,0.4369282285,0.6338504391,0.8921761235
0.6674427605,0.3955531952,0.2576391318,0.1830791275
0.3415351305,0.4454699112,0.588381827,0.844124114
0.8407434064,0.1765375622,0.9935199275,0.4903329427
0.5353317257,0.008864182031,0.9051672475,0.6077590112
0.01762175641,0.6414551363,0.7969977472,0.240110175
0.07158332309,0.9700516508,0.9234143298,0.907570496
0.5524297034,0.9156325745,0.1581283129,0.9321355279
0.8893636019,0.419656654,0.6757662603,0.5748619542
0.3815753975,0.7521199691,0.9768929115,0.2010703195
0.4643611206,0.8378816653,0.772324028,0.7608519112
0.1215112657,0.5222352581,0.4804765811,0.3862565415
0.4287829158,0.2841397035,0.7418853991,0.005534576343
0.7662807294,0.3963923761,0.09210592845,0.6678922166
0.2348071503,0.4115788094,0.4986340132,0.5651782261
0.4116252953,0.3311755323,0.5928081686,0.942172631
0.3198833904,0.3459400598,0.1621008363,0.3021775103
0.8722779586,0.4738493581,0.2231659254,0.3383886268
0.8322354816,0.75031384,0.1851074989,0.1096961006
0.2074948921,0.4547979123,0.5253298643,0.4204278327
0.5303603735,0.4385773108,0.9872177088,0.4881466715
0.4148003286,0.8838324008,0.832655921,0.004394394837
0.1891467574,0.01799049573,0.726727621,0.7971915805
0.2341586485,0.02309579037,0.9349283011,0.7070970116
0.01359120498,0.3811083203,0.7273025005,0.4898639033
0.6682899126,0.8557407447,0.8439072757,0.814019745
0.7932253374,0.6524633829,0.4890202265,0.486990153
0.4666789028,0.5871120284,0.9727233697,0.5202834355
0.01866792558,0.9781467512,0.3189490605,0.7908501464
0.1411900798,0.4383948353,0.8423719951,0.7073476696
0.9466884509,0.4563459434,0.9027215529,0.5655686328